{"cameraMode":{"drawMode":0,"name":"Shaded","section":"Shading Mode"},"sceneLighting":false,"audioPlay":false,"sceneViewState":{"showFog":false,"showMaterialUpdate":false,"showSkybox":false,"showFlares":false,"showImageEffects":false,"showParticleSystems":false},"in2DMode":false,"pivot":{"x":0.0,"y":-0.05820152163505554,"z":0.0008942186832427979},"rotation":{"x":-0.2480037957429886,"y":-0.42908912897109988,"z":0.12370526790618897,"w":-0.859737753868103},"size":2.5402073860168459,"orthographic":false}