{"cameraMode":{"drawMode":0,"name":"Shaded","section":"Shading Mode"},"sceneLighting":true,"audioPlay":false,"sceneViewState":{"showFog":false,"showMaterialUpdate":false,"showSkybox":true,"showFlares":false,"showImageEffects":true,"showParticleSystems":false},"in2DMode":false,"pivot":{"x":2.9925923347473146,"y":2.7186696529388429,"z":5.296095371246338},"rotation":{"x":-0.11299049109220505,"y":0.8854705691337586,"z":-0.28882890939712527,"w":-0.34636831283569338},"size":6.153148174285889,"orthographic":false}